[{"pos_x": 144.37, "pos_y": -129.13, "rotation": 0.0, "side": "top", "designator": "H2", "mpn": null, "pack": "MountingHole_2.7mm_Pad", "value": "3.2mm", "mount_type": null}, {"pos_x": 159.2, "pos_y": -93.5, "rotation": 150.0, "side": "top", "designator": "D2", "mpn": null, "pack": "LED_D5.0mm_Horizontal_O6.35mm_Z3.0mm", "value": "SFH4550", "mount_type": "tht"}, {"pos_x": 144.277127, "pos_y": -74.6, "rotation": 100.0, "side": "top", "designator": "D1", "mpn": null, "pack": "LED_D5.0mm_Horizontal_O6.35mm_Z3.0mm", "value": "SFH4550", "mount_type": "tht"}, {"pos_x": 162.15, "pos_y": -106.275, "rotation": 90.0, "side": "top", "designator": "D5", "mpn": null, "pack": "LED_D3.0mm", "value": "LED", "mount_type": "tht"}, {"pos_x": 146.275, "pos_y": -92.681, "rotation": 0.0, "side": "top", "designator": "R2", "mpn": null, "pack": "R_Axial_DIN0207_L6.3mm_D2.5mm_P7.62mm_Horizontal", "value": "10R", "mount_type": "tht"}, {"pos_x": 163.42, "pos_y": -112.62, "rotation": 180.0, "side": "top", "designator": "Q6", "mpn": null, "pack": "TO-92_Inline_Wide_HandSolder", "value": "BC337", "mount_type": "tht"}, {"pos_x": 157.07, "pos_y": -80.235, "rotation": 180.0, "side": "top", "designator": "C1", "mpn": null, "pack": "CP_Radial_D10.0mm_P2.50mm", "value": "330uF, 16V", "mount_type": "tht"}, {"pos_x": 157.1, "pos_y": -117.9, "rotation": 30.0, "side": "top", "designator": "D3", "mpn": null, "pack": "LED_D5.0mm_Horizontal_O6.35mm_Z3.0mm", "value": "SFH4550", "mount_type": "tht"}, {"pos_x": 146.275, "pos_y": -89.633, "rotation": 0.0, "side": "top", "designator": "R1", "mpn": null, "pack": "R_Axial_DIN0207_L6.3mm_D2.5mm_P7.62mm_Horizontal", "value": "10R", "mount_type": "tht"}, {"pos_x": 143.834325, "pos_y": -137.9, "rotation": 80.0, "side": "top", "designator": "D4", "mpn": null, "pack": "LED_D5.0mm_Horizontal_O6.35mm_Z3.0mm", "value": "SFH4550", "mount_type": "tht"}, {"pos_x": 146.285, "pos_y": -95.729, "rotation": 0.0, "side": "top", "designator": "R3", "mpn": null, "pack": "R_Axial_DIN0207_L6.3mm_D2.5mm_P7.62mm_Horizontal", "value": "10R", "mount_type": "tht"}, {"pos_x": 146.275, "pos_y": -107.921, "rotation": 0.0, "side": "top", "designator": "R7", "mpn": null, "pack": "R_Axial_DIN0207_L6.3mm_D2.5mm_P7.62mm_Horizontal", "value": "2k7", "mount_type": "tht"}, {"pos_x": 146.275, "pos_y": -101.825, "rotation": 0.0, "side": "top", "designator": "R5", "mpn": null, "pack": "R_Axial_DIN0207_L6.3mm_D2.5mm_P7.62mm_Horizontal", "value": "2k7", "mount_type": "tht"}, {"pos_x": 146.275, "pos_y": -110.969, "rotation": 0.0, "side": "top", "designator": "R8", "mpn": null, "pack": "R_Axial_DIN0207_L6.3mm_D2.5mm_P7.62mm_Horizontal", "value": "2k7", "mount_type": "tht"}, {"pos_x": 146.275, "pos_y": -123.288, "rotation": 0.0, "side": "top", "designator": "R10", "mpn": null, "pack": "R_Axial_DIN0207_L6.3mm_D2.5mm_P7.62mm_Horizontal", "value": "100k", "mount_type": "tht"}, {"pos_x": 146.275, "pos_y": -104.873, "rotation": 0.0, "side": "top", "designator": "R6", "mpn": null, "pack": "R_Axial_DIN0207_L6.3mm_D2.5mm_P7.62mm_Horizontal", "value": "2k7", "mount_type": "tht"}, {"pos_x": 163.42, "pos_y": -97.38, "rotation": 180.0, "side": "top", "designator": "Q5", "mpn": null, "pack": "TO-92_Inline_Wide_HandSolder", "value": "BC337", "mount_type": "tht"}, {"pos_x": 144.37, "pos_y": -80.87, "rotation": 0.0, "side": "top", "designator": "H1", "mpn": null, "pack": "MountingHole_2.7mm_Pad", "value": "3.2mm", "mount_type": null}, {"pos_x": 153.885, "pos_y": -86.585, "rotation": 180.0, "side": "top", "designator": "R11", "mpn": null, "pack": "R_Axial_DIN0207_L6.3mm_D2.5mm_P7.62mm_Horizontal", "value": "33", "mount_type": "tht"}, {"pos_x": 146.275, "pos_y": -98.777, "rotation": 0.0, "side": "top", "designator": "R4", "mpn": null, "pack": "R_Axial_DIN0207_L6.3mm_D2.5mm_P7.62mm_Horizontal", "value": "10R", "mount_type": "tht"}, {"pos_x": 158.34, "pos_y": -101.2, "rotation": -90.0, "side": "top", "designator": "R12", "mpn": null, "pack": "R_Axial_DIN0207_L6.3mm_D2.5mm_P7.62mm_Horizontal", "value": "1k0", "mount_type": "tht"}, {"pos_x": 146.275, "pos_y": -120.24, "rotation": 0.0, "side": "top", "designator": "R9", "mpn": null, "pack": "R_Axial_DIN0207_L6.3mm_D2.5mm_P7.62mm_Horizontal", "value": "100k", "mount_type": "tht"}, {"pos_x": 146.275, "pos_y": -114.017, "rotation": 0.0, "side": "top", "designator": "R13", "mpn": null, "pack": "R_Axial_DIN0207_L6.3mm_D2.5mm_P7.62mm_Horizontal", "value": "390R", "mount_type": "tht"}, {"pos_x": 146.275, "pos_y": -117.065, "rotation": 0.0, "side": "top", "designator": "R14", "mpn": null, "pack": "R_Axial_DIN0207_L6.3mm_D2.5mm_P7.62mm_Horizontal", "value": "390R", "mount_type": "tht"}, {"pos_x": 105.0, "pos_y": -105.0, "rotation": 0.0, "side": "top", "designator": "REF**", "mpn": null, "pack": "mainboard_with_maze", "value": "UKMARSBOT", "mount_type": "smt"}, {"pos_x": 157.07, "pos_y": -129.765, "rotation": 180.0, "side": "top", "designator": "C2", "mpn": null, "pack": "CP_Radial_D10.0mm_P2.50mm", "value": "330uF, 16V", "mount_type": "tht"}, {"pos_x": 147.825391, "pos_y": -136.026588, "rotation": -100.0, "side": "bottom", "designator": "Q4", "mpn": null, "pack": "LED_D5.0mm_Horizontal_O1.27mm_Z3.0mm_IRGrey", "value": "TEFT4300", "mount_type": "tht"}, {"pos_x": 158.848, "pos_y": -88.998, "rotation": -30.0, "side": "bottom", "designator": "Q2", "mpn": null, "pack": "LED_D5.0mm_Horizontal_O1.27mm_Z3.0mm_IRGrey", "value": "TEFT4300", "mount_type": "tht"}, {"pos_x": 147.427127, "pos_y": -71.472, "rotation": -80.0, "side": "bottom", "designator": "Q1", "mpn": null, "pack": "LED_D5.0mm_Horizontal_O1.27mm_Z3.0mm_IRGrey", "value": "TEFT4300", "mount_type": "tht"}, {"pos_x": 161.047705, "pos_y": -119.732, "rotation": -150.0, "side": "bottom", "designator": "Q3", "mpn": null, "pack": "LED_D5.0mm_Horizontal_O1.27mm_Z3.0mm_IRGrey", "value": "TEFT4300", "mount_type": "tht"}, {"pos_x": 141.83, "pos_y": -121.51, "rotation": 0.0, "side": "bottom", "designator": "J1", "mpn": null, "pack": "PinHeader_1x14_P2.54mm_Vertical_Longpads", "value": "Conn_01x14", "mount_type": "tht"}]