[{"pos_x": 152.36, "pos_y": -131.54, "rotation": 90.0, "side": "top", "designator": "Q1", "mpn": null, "pack": "TO-92_Inline_Wide_HandSolder", "value": "BC337", "mount_type": "tht"}, {"pos_x": 164.62, "pos_y": -112.5, "rotation": 180.0, "side": "top", "designator": "R3", "mpn": null, "pack": "R_Axial_DIN0207_L6.3mm_D2.5mm_P7.62mm_Horizontal", "value": "68R", "mount_type": "tht"}, {"pos_x": 157.0, "pos_y": -115.5, "rotation": 0.0, "side": "top", "designator": "R14", "mpn": null, "pack": "R_Axial_DIN0207_L6.3mm_D2.5mm_P7.62mm_Horizontal", "value": "2k0", "mount_type": "tht"}, {"pos_x": 157.0, "pos_y": -97.5, "rotation": 0.0, "side": "top", "designator": "R13", "mpn": null, "pack": "R_Axial_DIN0207_L6.3mm_D2.5mm_P7.62mm_Horizontal", "value": "2k0", "mount_type": "tht"}, {"pos_x": 157.0, "pos_y": -91.25, "rotation": 0.0, "side": "top", "designator": "R12", "mpn": null, "pack": "R_Axial_DIN0207_L6.3mm_D2.5mm_P7.62mm_Horizontal", "value": "2k0", "mount_type": "tht"}, {"pos_x": 157.0, "pos_y": -94.25, "rotation": 0.0, "side": "top", "designator": "R2", "mpn": null, "pack": "R_Axial_DIN0207_L6.3mm_D2.5mm_P7.62mm_Horizontal", "value": "68R", "mount_type": "tht"}, {"pos_x": 147.0, "pos_y": -142.0, "rotation": 0.0, "side": "top", "designator": "R16", "mpn": null, "pack": "R_Axial_DIN0207_L6.3mm_D2.5mm_P7.62mm_Horizontal", "value": "2k0", "mount_type": "tht"}, {"pos_x": 157.0, "pos_y": -118.5, "rotation": 0.0, "side": "top", "designator": "R4", "mpn": null, "pack": "R_Axial_DIN0207_L6.3mm_D2.5mm_P7.62mm_Horizontal", "value": "68R", "mount_type": "tht"}, {"pos_x": 144.37, "pos_y": -129.13, "rotation": 0.0, "side": "top", "designator": "H1", "mpn": null, "pack": "MountingHole_3.2mm_M3", "value": "MountingHole", "mount_type": null}, {"pos_x": 158.0, "pos_y": -136.0, "rotation": 0.0, "side": "top", "designator": "D7", "mpn": null, "pack": "LED_D3.0mm", "value": "LED", "mount_type": "tht"}, {"pos_x": 147.0, "pos_y": -71.0, "rotation": 0.0, "side": "top", "designator": "R5", "mpn": null, "pack": "R_Axial_DIN0207_L6.3mm_D2.5mm_P7.62mm_Horizontal", "value": "68R", "mount_type": "tht"}, {"pos_x": 164.75, "pos_y": -127.0, "rotation": 180.0, "side": "top", "designator": "R7", "mpn": null, "pack": "R_Axial_DIN0207_L6.3mm_D2.5mm_P7.62mm_Horizontal", "value": "390", "mount_type": "tht"}, {"pos_x": 154.61, "pos_y": -136.0, "rotation": 180.0, "side": "top", "designator": "R27", "mpn": null, "pack": "R_Axial_DIN0207_L6.3mm_D2.5mm_P7.62mm_Horizontal", "value": "2k0", "mount_type": "tht"}, {"pos_x": 158.0, "pos_y": -74.0, "rotation": 0.0, "side": "top", "designator": "D6", "mpn": null, "pack": "LED_D3.0mm", "value": "LED", "mount_type": "tht"}, {"pos_x": 152.0, "pos_y": -83.54, "rotation": 90.0, "side": "top", "designator": "Q2", "mpn": null, "pack": "TO-92_Inline_Wide_HandSolder", "value": "BC337", "mount_type": "tht"}, {"pos_x": 147.0, "pos_y": -68.0, "rotation": 0.0, "side": "top", "designator": "R11", "mpn": null, "pack": "R_Axial_DIN0207_L6.3mm_D2.5mm_P7.62mm_Horizontal", "value": "2k0", "mount_type": "tht"}, {"pos_x": 157.0, "pos_y": -121.5, "rotation": 0.0, "side": "top", "designator": "R15", "mpn": null, "pack": "R_Axial_DIN0207_L6.3mm_D2.5mm_P7.62mm_Horizontal", "value": "2k0", "mount_type": "tht"}, {"pos_x": 154.62, "pos_y": -139.0, "rotation": 180.0, "side": "top", "designator": "R6", "mpn": null, "pack": "R_Axial_DIN0207_L6.3mm_D2.5mm_P7.62mm_Horizontal", "value": "68R", "mount_type": "tht"}, {"pos_x": 144.37, "pos_y": -80.87, "rotation": 0.0, "side": "top", "designator": "H2", "mpn": null, "pack": "MountingHole_3.2mm_M3", "value": "MountingHole", "mount_type": null}, {"pos_x": 164.62, "pos_y": -83.0, "rotation": 180.0, "side": "top", "designator": "R9", "mpn": null, "pack": "R_Axial_DIN0207_L6.3mm_D2.5mm_P7.62mm_Horizontal", "value": "390", "mount_type": "tht"}, {"pos_x": 157.0, "pos_y": -80.0, "rotation": 0.0, "side": "top", "designator": "R10", "mpn": null, "pack": "R_Axial_DIN0207_L6.3mm_D2.5mm_P7.62mm_Horizontal", "value": "10k", "mount_type": "tht"}, {"pos_x": 160.5, "pos_y": -106.117677, "rotation": 90.0, "side": "top", "designator": "C1", "mpn": null, "pack": "CP_Radial_D10.0mm_P2.50mm_P5.00mm", "value": "470uF", "mount_type": "tht"}, {"pos_x": 157.19, "pos_y": -130.0, "rotation": 0.0, "side": "top", "designator": "R8", "mpn": null, "pack": "R_Axial_DIN0207_L6.3mm_D2.5mm_P7.62mm_Horizontal", "value": "10k", "mount_type": "tht"}, {"pos_x": 154.61, "pos_y": -74.0, "rotation": 180.0, "side": "top", "designator": "R26", "mpn": null, "pack": "R_Axial_DIN0207_L6.3mm_D2.5mm_P7.62mm_Horizontal", "value": "2k0", "mount_type": "tht"}, {"pos_x": 164.62, "pos_y": -88.25, "rotation": 180.0, "side": "top", "designator": "R1", "mpn": null, "pack": "R_Axial_DIN0207_L6.3mm_D2.5mm_P7.62mm_Horizontal", "value": "33R", "mount_type": "tht"}, {"pos_x": 140.75, "pos_y": -74.0, "rotation": 0.0, "side": "bottom", "designator": "D1", "mpn": null, "pack": "LED_D3.0mm", "value": "LED", "mount_type": "tht"}, {"pos_x": 149.225, "pos_y": -115.0, "rotation": 0.0, "side": "bottom", "designator": "D4", "mpn": null, "pack": "LED_D3.0mm", "value": "LED", "mount_type": "tht"}, {"pos_x": 149.25, "pos_y": -120.0, "rotation": 0.0, "side": "bottom", "designator": "Q7", "mpn": null, "pack": "Phototransistor_3mm_Vertical_Clear", "value": "BPW85C", "mount_type": "tht"}, {"pos_x": 151.25, "pos_y": -100.0, "rotation": 0.0, "side": "bottom", "designator": "Q5", "mpn": null, "pack": "Phototransistor_3mm_Vertical_Clear", "value": "BPW85C", "mount_type": "tht"}, {"pos_x": 149.25, "pos_y": -90.0, "rotation": 0.0, "side": "bottom", "designator": "Q4", "mpn": null, "pack": "Phototransistor_3mm_Vertical_Clear", "value": "BPW85C", "mount_type": "tht"}, {"pos_x": 150.0, "pos_y": -105.0, "rotation": 0.0, "side": "bottom", "designator": "D3", "mpn": null, "pack": "LED_D3.0mm", "value": "LED", "mount_type": "tht"}, {"pos_x": 142.0, "pos_y": -142.0, "rotation": 0.0, "side": "bottom", "designator": "Q8", "mpn": null, "pack": "Phototransistor_3mm_Vertical_Clear", "value": "BPW85C", "mount_type": "tht"}, {"pos_x": 140.75, "pos_y": -136.0, "rotation": 0.0, "side": "bottom", "designator": "D5", "mpn": null, "pack": "LED_D3.0mm", "value": "LED", "mount_type": "tht"}, {"pos_x": 142.0, "pos_y": -88.49, "rotation": 180.0, "side": "bottom", "designator": "J1", "mpn": null, "pack": "PinHeader_1x14_P2.54mm_Vertical", "value": "SENSORS", "mount_type": "tht"}, {"pos_x": 142.0, "pos_y": -68.0, "rotation": 0.0, "side": "bottom", "designator": "Q3", "mpn": null, "pack": "Phototransistor_3mm_Vertical_Clear", "value": "BPW85C", "mount_type": "tht"}, {"pos_x": 149.225, "pos_y": -95.0, "rotation": 0.0, "side": "bottom", "designator": "D2", "mpn": null, "pack": "LED_D3.0mm", "value": "LED", "mount_type": "tht"}, {"pos_x": 151.25, "pos_y": -110.0, "rotation": 0.0, "side": "bottom", "designator": "Q6", "mpn": null, "pack": "Phototransistor_3mm_Vertical_Clear", "value": "BPW85C", "mount_type": "tht"}]