[{"pos_x": 142.7861, "pos_y": -110.0836, "rotation": 90.0, "side": "top", "designator": "R4", "mpn": null, "pack": "0204_7", "value": "1k8", "mount_type": "smt"}, {"pos_x": 123.1011, "pos_y": -94.8436, "rotation": 0.0, "side": "top", "designator": "R5", "mpn": null, "pack": "0204_7", "value": "1k8", "mount_type": "smt"}, {"pos_x": 173.9011, "pos_y": -94.8436, "rotation": 180.0, "side": "top", "designator": "R3", "mpn": null, "pack": "0204_7", "value": "1k8", "mount_type": "smt"}, {"pos_x": 130.7211, "pos_y": -110.0836, "rotation": 90.0, "side": "top", "designator": "R8", "mpn": null, "pack": "0204_7", "value": "33R", "mount_type": "smt"}, {"pos_x": 131.9911, "pos_y": -100.5586, "rotation": 0.0, "side": "top", "designator": "J1", "mpn": null, "pack": "1X14", "value": "", "mount_type": "smt"}, {"pos_x": 112.9411, "pos_y": -94.8436, "rotation": 180.0, "side": "top", "designator": "R11", "mpn": null, "pack": "0204_7", "value": "33R", "mount_type": "smt"}, {"pos_x": 172.6311, "pos_y": -106.2736, "rotation": 0.0, "side": "top", "designator": "@HOLE1", "mpn": null, "pack": "", "value": "", "mount_type": "smt"}, {"pos_x": 162.4711, "pos_y": -110.0836, "rotation": -90.0, "side": "top", "designator": "Q1", "mpn": null, "pack": "TO92-EBC", "value": "BC337*", "mount_type": "smt"}, {"pos_x": 153.5811, "pos_y": -110.0836, "rotation": -90.0, "side": "top", "designator": "R10", "mpn": null, "pack": "0204_7", "value": "33R", "mount_type": "smt"}, {"pos_x": 178.261025, "pos_y": -100.2411, "rotation": -120.0, "side": "top", "designator": "LED3", "mpn": null, "pack": "LED-5MM-SIDE", "value": "Emitter", "mount_type": "smt"}, {"pos_x": 177.7111, "pos_y": -110.0836, "rotation": -90.0, "side": "top", "designator": "R2", "mpn": null, "pack": "0204_7", "value": "390", "mount_type": "smt"}, {"pos_x": 165.6461, "pos_y": -110.0836, "rotation": -90.0, "side": "top", "designator": "R7", "mpn": null, "pack": "0204_7", "value": "10k", "mount_type": "smt"}, {"pos_x": 119.2911, "pos_y": -110.0836, "rotation": -90.0, "side": "top", "designator": "R1", "mpn": null, "pack": "0204_7", "value": "390", "mount_type": "smt"}, {"pos_x": 136.4361, "pos_y": -110.0836, "rotation": 90.0, "side": "top", "designator": "C1", "mpn": null, "pack": "E2,5-7", "value": "100uF", "mount_type": "smt"}, {"pos_x": 124.3711, "pos_y": -106.2736, "rotation": 0.0, "side": "top", "designator": "@HOLE0", "mpn": null, "pack": "", "value": "", "mount_type": "smt"}, {"pos_x": 124.3711, "pos_y": -113.2586, "rotation": 0.0, "side": "top", "designator": "LED1", "mpn": null, "pack": "LED_3MM", "value": "", "mount_type": "smt"}, {"pos_x": 148.5011, "pos_y": -108.1786, "rotation": 180.0, "side": "top", "designator": "LED4", "mpn": null, "pack": "LED-5MM-SIDE", "value": "Emitter", "mount_type": "smt"}, {"pos_x": 157.3911, "pos_y": -110.0836, "rotation": 90.0, "side": "top", "designator": "R6", "mpn": null, "pack": "0204_7", "value": "390", "mount_type": "smt"}, {"pos_x": 118.6561, "pos_y": -99.9236, "rotation": 120.0, "side": "top", "designator": "LED5", "mpn": null, "pack": "LED-5MM-SIDE", "value": "Emitter", "mount_type": "smt"}, {"pos_x": 172.6311, "pos_y": -113.2586, "rotation": 0.0, "side": "top", "designator": "LED2", "mpn": null, "pack": "LED_3MM", "value": "", "mount_type": "smt"}, {"pos_x": 184.0611, "pos_y": -94.8436, "rotation": 0.0, "side": "top", "designator": "R9", "mpn": null, "pack": "0204_7", "value": "33R", "mount_type": "smt"}, {"pos_x": 175.8061, "pos_y": -98.6536, "rotation": 60.0, "side": "bottom", "designator": "T1", "mpn": null, "pack": "PHOTOTRANSISTOR-5MM-SIDE", "value": "BPW96B", "mount_type": "smt"}, {"pos_x": 148.5011, "pos_y": -105.1386, "rotation": 0.0, "side": "bottom", "designator": "T2", "mpn": null, "pack": "PHOTOTRANSISTOR-5MM-SIDE", "value": "BPW96B", "mount_type": "smt"}, {"pos_x": 121.1961, "pos_y": -98.6536, "rotation": -60.0, "side": "bottom", "designator": "T3", "mpn": null, "pack": "PHOTOTRANSISTOR-5MM-SIDE", "value": "BPW96B", "mount_type": "smt"}]