[{"pos_x": 124.3711, "pos_y": -97.3836, "rotation": 0.0, "side": "top", "designator": "@HOLE0", "mpn": null, "pack": "", "value": "", "mount_type": "smt"}, {"pos_x": 172.6311, "pos_y": -97.3836, "rotation": 0.0, "side": "top", "designator": "@HOLE1", "mpn": null, "pack": "", "value": "", "mount_type": "smt"}, {"pos_x": 194.2211, "pos_y": -113.8936, "rotation": 90.0, "side": "bottom", "designator": "LED1", "mpn": null, "pack": "LED_5MM", "value": "Emitter", "mount_type": "smt"}, {"pos_x": 148.5011, "pos_y": -113.8936, "rotation": 90.0, "side": "bottom", "designator": "LED2", "mpn": null, "pack": "LED_5MM", "value": "Emitter", "mount_type": "smt"}, {"pos_x": 102.7811, "pos_y": -113.8936, "rotation": 90.0, "side": "bottom", "designator": "LED3", "mpn": null, "pack": "LED_5MM", "value": "Emitter", "mount_type": "smt"}, {"pos_x": 184.0611, "pos_y": -110.0836, "rotation": 180.0, "side": "top", "designator": "R3", "mpn": null, "pack": "0207_7", "value": "68R", "mount_type": "smt"}, {"pos_x": 156.1211, "pos_y": -105.6386, "rotation": 90.0, "side": "top", "designator": "R4", "mpn": null, "pack": "0207_7", "value": "68R", "mount_type": "smt"}, {"pos_x": 112.9411, "pos_y": -110.0836, "rotation": 0.0, "side": "top", "designator": "R5", "mpn": null, "pack": "0207_7", "value": "68R", "mount_type": "smt"}, {"pos_x": 140.2461, "pos_y": -105.6386, "rotation": 90.0, "side": "top", "designator": "R1", "mpn": null, "pack": "0207_7", "value": "390", "mount_type": "smt"}, {"pos_x": 184.0611, "pos_y": -106.2736, "rotation": 0.0, "side": "top", "designator": "R6", "mpn": null, "pack": "0207_7", "value": "2k0", "mount_type": "smt"}, {"pos_x": 194.2211, "pos_y": -106.2736, "rotation": 90.0, "side": "bottom", "designator": "T1", "mpn": null, "pack": "PHOTOTRANSISTOR_5MM", "value": "BPW96B", "mount_type": "smt"}, {"pos_x": 157.3911, "pos_y": -113.8936, "rotation": 90.0, "side": "bottom", "designator": "T2", "mpn": null, "pack": "PHOTOTRANSISTOR_5MM", "value": "BPW96B", "mount_type": "smt"}, {"pos_x": 139.6111, "pos_y": -113.8936, "rotation": 90.0, "side": "bottom", "designator": "T3", "mpn": null, "pack": "PHOTOTRANSISTOR_5MM", "value": "BPW96B", "mount_type": "smt"}, {"pos_x": 173.9011, "pos_y": -110.0836, "rotation": 180.0, "side": "top", "designator": "R7", "mpn": null, "pack": "0207_7", "value": "2k0", "mount_type": "smt"}, {"pos_x": 123.1011, "pos_y": -110.0836, "rotation": 0.0, "side": "top", "designator": "R10", "mpn": null, "pack": "0207_7", "value": "2k0", "mount_type": "smt"}, {"pos_x": 112.9411, "pos_y": -106.2736, "rotation": 180.0, "side": "top", "designator": "R11", "mpn": null, "pack": "0207_7", "value": "2k0", "mount_type": "smt"}, {"pos_x": 102.7811, "pos_y": -106.2736, "rotation": 90.0, "side": "bottom", "designator": "T4", "mpn": null, "pack": "PHOTOTRANSISTOR_5MM", "value": "BPW96B", "mount_type": "smt"}, {"pos_x": 131.9911, "pos_y": -97.3836, "rotation": 0.0, "side": "top", "designator": "J1", "mpn": null, "pack": "1X10", "value": "", "mount_type": "smt"}, {"pos_x": 123.1011, "pos_y": -106.2736, "rotation": 0.0, "side": "top", "designator": "R8", "mpn": null, "pack": "0207_7", "value": "390", "mount_type": "smt"}, {"pos_x": 130.7211, "pos_y": -105.0036, "rotation": 90.0, "side": "top", "designator": "LED4", "mpn": null, "pack": "LED_3MM", "value": "", "mount_type": "smt"}, {"pos_x": 166.2811, "pos_y": -105.0036, "rotation": 90.0, "side": "top", "designator": "LED5", "mpn": null, "pack": "LED_3MM", "value": "", "mount_type": "smt"}, {"pos_x": 173.9011, "pos_y": -106.2736, "rotation": 180.0, "side": "top", "designator": "R9", "mpn": null, "pack": "0207_7", "value": "390", "mount_type": "smt"}, {"pos_x": 135.8011, "pos_y": -105.6386, "rotation": -90.0, "side": "top", "designator": "R2", "mpn": null, "pack": "0207_7", "value": "10K", "mount_type": "smt"}, {"pos_x": 163.7411, "pos_y": -97.3836, "rotation": 180.0, "side": "top", "designator": "C1", "mpn": null, "pack": "E2,5-7", "value": "100uF", "mount_type": "smt"}, {"pos_x": 145.9611, "pos_y": -105.6386, "rotation": -90.0, "side": "top", "designator": "Q1", "mpn": null, "pack": "TO92-EBC", "value": "BC337*", "mount_type": "smt"}, {"pos_x": 159.9311, "pos_y": -108.1786, "rotation": 90.0, "side": "top", "designator": "J2", "mpn": null, "pack": "1X03", "value": "455-1750-1-ND", "mount_type": "smt"}, {"pos_x": 152.3111, "pos_y": -109.4486, "rotation": 90.0, "side": "top", "designator": "LNK1", "mpn": null, "pack": "LINK-03", "value": "BYPASS", "mount_type": "smt"}]