[{"pos_x": 121.63, "pos_y": -75.78, "rotation": 0.0, "side": "top", "designator": "U1", "mpn": null, "pack": "Arduino_Nano", "value": "Arduino_Nano", "mount_type": "tht"}, {"pos_x": 124.2, "pos_y": -73.0, "rotation": -90.0, "side": "top", "designator": "R11", "mpn": null, "pack": "R_Axial_DIN0204_L3.6mm_D1.6mm_P7.62mm_Horizontal", "value": "4k7", "mount_type": "tht"}, {"pos_x": 78.15, "pos_y": -68.45, "rotation": 0.0, "side": "top", "designator": "S3", "mpn": null, "pack": "SW_DIP_SPSTx04_Slide_6.7x11.72mm_W7.62mm_P2.54mm_LowProfile", "value": "DIP-SW", "mount_type": "tht"}, {"pos_x": 125.9, "pos_y": -83.4, "rotation": 0.0, "side": "top", "designator": "IC1", "mpn": null, "pack": "DIP-14_W7.62mm_LongPads", "value": "74HC86", "mount_type": "tht"}, {"pos_x": 72.8894, "pos_y": -71.2512, "rotation": 90.0, "side": "top", "designator": "S2", "mpn": null, "pack": "TACTILE_SWITCH_PTH_6.0MM", "value": "BUTTON", "mount_type": "smt"}, {"pos_x": 71.0, "pos_y": -113.55, "rotation": 90.0, "side": "top", "designator": "R4", "mpn": null, "pack": "R_Axial_DIN0204_L3.6mm_D1.6mm_P7.62mm_Horizontal", "value": "2k2", "mount_type": "tht"}, {"pos_x": 154.55, "pos_y": -80.9, "rotation": 0.0, "side": "top", "designator": "H4", "mpn": null, "pack": "MountingHole_3.2mm_M3", "value": "MountingHole", "mount_type": null}, {"pos_x": 72.4, "pos_y": -94.55, "rotation": 90.0, "side": "top", "designator": "R2", "mpn": null, "pack": "R_Axial_DIN0204_L3.6mm_D1.6mm_P7.62mm_Horizontal", "value": "10k", "mount_type": "tht"}, {"pos_x": 75.8, "pos_y": -105.0, "rotation": 0.0, "side": "top", "designator": "H1", "mpn": null, "pack": "MountingHole_3.2mm_M3", "value": "MountingHole", "mount_type": null}, {"pos_x": 72.4, "pos_y": -85.0, "rotation": 90.0, "side": "top", "designator": "R1", "mpn": null, "pack": "R_Axial_DIN0204_L3.6mm_D1.6mm_P7.62mm_Horizontal", "value": "10k", "mount_type": "tht"}, {"pos_x": 154.55, "pos_y": -129.1, "rotation": 0.0, "side": "top", "designator": "H6", "mpn": null, "pack": "MountingHole_3.2mm_M3", "value": "MountingHole", "mount_type": null}, {"pos_x": 134.0, "pos_y": -78.0, "rotation": 180.0, "side": "top", "designator": "R8", "mpn": null, "pack": "R_Axial_DIN0204_L3.6mm_D1.6mm_P7.62mm_Horizontal", "value": "15k", "mount_type": "tht"}, {"pos_x": 134.81, "pos_y": -69.75, "rotation": 180.0, "side": "top", "designator": "J5", "mpn": null, "pack": "1X04_LOCK_LONGPADS", "value": "SERIAL", "mount_type": null}, {"pos_x": 131.15, "pos_y": -80.35, "rotation": 0.0, "side": "top", "designator": "C1", "mpn": null, "pack": "C_Rect_L4.6mm_W2.0mm_P2.50mm_MKS02_FKP02", "value": "100n", "mount_type": "tht"}, {"pos_x": 162.1, "pos_y": -105.0, "rotation": 0.0, "side": "top", "designator": "H2", "mpn": null, "pack": "MountingHole_3.2mm_M3", "value": "MountingHole", "mount_type": null}, {"pos_x": 105.0, "pos_y": -132.275, "rotation": 0.0, "side": "top", "designator": "M2", "mpn": null, "pack": "MINI-METAL-GEARMOTOR-WITH-BRACKET", "value": "Right Motor", "mount_type": "smt"}, {"pos_x": 105.0, "pos_y": -77.8, "rotation": 180.0, "side": "top", "designator": "M1", "mpn": null, "pack": "MINI-METAL-GEARMOTOR-WITH-BRACKET", "value": "Left Motor", "mount_type": "smt"}, {"pos_x": 144.4, "pos_y": -129.15, "rotation": 0.0, "side": "top", "designator": "H5", "mpn": null, "pack": "MountingHole_3.2mm_M3", "value": "MountingHole", "mount_type": null}, {"pos_x": 117.0, "pos_y": -93.01, "rotation": 90.0, "side": "top", "designator": "D3", "mpn": null, "pack": "D_DO-35_SOD27_P7.62mm_Horizontal", "value": "1N4148", "mount_type": "tht"}, {"pos_x": 127.227651, "pos_y": -140.725, "rotation": 180.0, "side": "top", "designator": "C2", "mpn": null, "pack": "CP_Radial_D8.0mm_P2.50mm", "value": "330uF, 16V", "mount_type": "tht"}, {"pos_x": 93.877, "pos_y": -88.5, "rotation": -90.0, "side": "top", "designator": "J3", "mpn": null, "pack": "1X06_LOCK_LONGPADS", "value": "CONN_06SILK_FEMALE_PTH", "mount_type": null}, {"pos_x": 136.027651, "pos_y": -140.725, "rotation": 180.0, "side": "top", "designator": "C3", "mpn": null, "pack": "CP_Radial_D8.0mm_P2.50mm", "value": "330uF, 16V", "mount_type": "tht"}, {"pos_x": 144.35, "pos_y": -80.9, "rotation": 0.0, "side": "top", "designator": "H3", "mpn": null, "pack": "MountingHole_3.2mm_M3", "value": "MountingHole", "mount_type": null}, {"pos_x": 117.0, "pos_y": -112.62, "rotation": 90.0, "side": "top", "designator": "D1", "mpn": null, "pack": "D_DO-201AD_P15.24mm_Horizontal", "value": "1N5401", "mount_type": "tht"}, {"pos_x": 141.877, "pos_y": -121.5, "rotation": 90.0, "side": "top", "designator": "J1", "mpn": null, "pack": "1X14_LOCK_LONGPADS", "value": "SENSORS", "mount_type": null}, {"pos_x": 71.0, "pos_y": -104.05, "rotation": 90.0, "side": "top", "designator": "R3", "mpn": null, "pack": "R_Axial_DIN0204_L3.6mm_D1.6mm_P7.62mm_Horizontal", "value": "4k7", "mount_type": "tht"}, {"pos_x": 126.4, "pos_y": -73.0, "rotation": 0.0, "side": "top", "designator": "R10", "mpn": null, "pack": "R_Axial_DIN0204_L3.6mm_D1.6mm_P7.62mm_Horizontal", "value": "10k", "mount_type": "tht"}, {"pos_x": 72.4, "pos_y": -132.55, "rotation": 90.0, "side": "top", "designator": "R6", "mpn": null, "pack": "R_Axial_DIN0204_L3.6mm_D1.6mm_P7.62mm_Horizontal", "value": "470", "mount_type": "tht"}, {"pos_x": 93.75, "pos_y": -108.75, "rotation": -90.0, "side": "top", "designator": "J2", "mpn": null, "pack": "1X06_LOCK_LONGPADS", "value": "CONN_06SILK_FEMALE_PTH", "mount_type": null}, {"pos_x": 129.2, "pos_y": -125.8, "rotation": 0.0, "side": "top", "designator": "U2", "mpn": null, "pack": "TB6612FNG-module", "value": "TB6612FNG-Module", "mount_type": "tht"}, {"pos_x": 72.4, "pos_y": -115.4, "rotation": -90.0, "side": "top", "designator": "R5", "mpn": null, "pack": "R_Axial_DIN0204_L3.6mm_D1.6mm_P7.62mm_Horizontal", "value": "1k0", "mount_type": "tht"}, {"pos_x": 126.4, "pos_y": -75.5, "rotation": 0.0, "side": "top", "designator": "R7", "mpn": null, "pack": "R_Axial_DIN0204_L3.6mm_D1.6mm_P7.62mm_Horizontal", "value": "15k", "mount_type": "tht"}, {"pos_x": 78.2, "pos_y": -140.944724, "rotation": 90.0, "side": "top", "designator": "S1", "mpn": null, "pack": "SW_1101M2S3CQE2", "value": "sub-miniature, SPDT", "mount_type": "tht"}, {"pos_x": 80.8, "pos_y": -133.85, "rotation": 180.0, "side": "top", "designator": "J4", "mpn": null, "pack": "Molex_KK-254_AE-6410-02A_1x02_P2.54mm_Vertical", "value": "POWER", "mount_type": "tht"}]